id,x,y,title,type
1,-25.794564,28.292216,first,Murder
2,-25.794564,29.292216,second,Theft
3,-25.794564,28.292236,third,Robbery
4,-25.794565,28.292216,first,Theft
5,-25.794566,28.292216,first,Assualt
6,-25.794767,28.292216,first,Assualt
7,-25.794568,28.292216,first,Theft
8,-25.794469,28.292216,first,Vandalism
9,-25.772542,28.299425,unique,Corruption
