id,x,y,title
1,-25.794564,28.292216,first
2,-25.794564,29.292216,second
3,-25.794564,28.292236,third
4,-25.794565,28.292216,first
5,-25.794566,28.292216,first
6,-25.794567,28.292216,first
7,-25.794568,28.292216,first
8,-25.794569,28.292216,first
