id,x,y,title
1,-25.794564,28.292216,first
2,-25.794564,29.292216,second
3,-25.794564,28.292236,third
